chembl_id,pref_name,molecule_type,max_phase,therapeutic_flag,canonical_smiles,standard_inchi_key,full_mwt,alogp,hba,hbd,num_ro5_violations,synonyms,atc_codes
CHEMBL57,NEVIRAPINE,Small molecule,4.0,True,Cc1ccnc2c1NC(=O)c1cccnc1N2C1CC1,NQDJXKOVJZTUJA-UHFFFAOYSA-N,266.30,2.65,4.0,1.0,0.0,"BIRG 0587; BIRG-0587; BIRG0587; NSC-641530; Nevirapina; Nevirapine; Nevirapine anhydrous; Nevirapine teva; Nevirapine, anhydrous; Nevirapinum anhydrous; Viramune; Viramune xr",J05AG01
CHEMBL114,SAQUINAVIR,Small molecule,4.0,True,CC(C)(C)NC(=O)[C@@H]1C[C@@H]2CCCC[C@@H]2CN1C[C@@H](O)[C@H](Cc1ccccc1)NC(=O)[C@H](CC(N)=O)NC(=O)c1ccc2ccccc2n1,QWAXKHKRTORLEM-UGJKXSETSA-N,670.86,3.09,7.0,5.0,1.0,Fortovase; RO 31-8959/000; RO-31-8959/000; SCH-52852; Saquinavir; Saquinavirum,J05AE01
CHEMBL584,NELFINAVIR,Small molecule,4.0,True,Cc1c(O)cccc1C(=O)N[C@@H](CSc1ccccc1)[C@H](O)CN1C[C@H]2CCCC[C@H]2C[C@H]1C(=O)NC(C)(C)C,QAGYKUNXZHXKMR-HKWSIXNMSA-N,567.80,4.75,6.0,4.0,1.0,NSC-747167; Nelfinavir,J05AE04
CHEMBL116,AMPRENAVIR,Small molecule,4.0,True,CC(C)CN(C[C@@H](O)[C@H](Cc1ccccc1)NC(=O)O[C@H]1CCOC1)S(=O)(=O)c1ccc(N)cc1,YMARZQAQMVYCKC-OEMFJLHTSA-N,505.64,2.40,7.0,3.0,1.0,141 W94; 141W94; Agenerase; Amprenavir; J05AE05; KVX-478; VX-478,J05AE05
CHEMBL593,DELAVIRDINE,Small molecule,4.0,True,CC(C)Nc1cccnc1N1CCN(C(=O)c2cc3cc(NS(C)(=O)=O)ccc3[nH]2)CC1,WHBIGIKBNXZKFE-UHFFFAOYSA-N,456.57,2.72,6.0,3.0,0.0,Delavirdina; Delavirdine; U-90152,J05AG02
CHEMBL129,ZIDOVUDINE,Small molecule,4.0,True,Cc1cn([C@H]2C[C@H](N=[N+]=[N-])[C@@H](CO)O2)c(=O)[nH]c1=O,HBOMLICNUCNMMY-XLPZGREQSA-N,267.24,-0.20,6.0,2.0,0.0,3'-azt; AZT; Azidothymidine; BW A509U; BW-A-509U; BW-A509U; Bwa509u; COMPOUND S; COMPOUND-S; NSC-602670; Retrovir; Zidovudina; Zidovudine; Zidovudine component of combivir; Zidovudine component of lamivudine/ teva; Zidovudine component of trizivir; Zidovudinum,J05AF01
CHEMBL666,FOSCARNET,Small molecule,4.0,True,O=C(O)P(=O)(O)O,ZJAOAACCNHFJAH-UHFFFAOYSA-N,126.00,-0.16,2.0,3.0,0.0,Dihydroxyphosphinecarboxylic acid oxide; Foscarnet; J05AD01,J05AD01
CHEMBL141,LAMIVUDINE,Small molecule,4.0,True,Nc1ccn([C@@H]2CS[C@H](CO)O2)c(=O)n1,JTEGQNOMFQHVDC-NKWVEPMBSA-N,229.26,-0.59,7.0,2.0,0.0,"3TC; BCH 189, (-)-; Epivir; Epivir-hbv; GR 109714X; GR-109714X; GR109714X; Lamivudina; Lamivudine; Lamivudine component of /zidovudine teva; Lamivudine component of cimduo; Lamivudine component of combivir; Lamivudine component of delstrigo; Lamivudine component of dovato; Lamivudine component of dutrebis; Lamivudine component of epzicom; Lamivudine component of kivexa; Lamivudine component of symfi; Lamivudine component of temixys; Lamivudine component of triumeq; Lamivudine component of trizivir; Lamivudine teva; Lamivudine teva pharma b.v.; Lamivudinum; NSC-760061; Virolam; Zeffix",J05AF05
CHEMBL29609,PLECONARIL,Small molecule,2.0,False,Cc1cc(CCCOc2c(C)cc(-c3noc(C(F)(F)F)n3)cc2C)on1,KQOXLKOJHVFTRN-UHFFFAOYSA-N,381.35,4.68,6.0,0.0,0.0,Pleconaril; Pleconarilo; VP 63843; VP-63843; VP63843; WIN 63843; WIN-63843; WIN63843,J05AX06
CHEMBL31634,BRIVUDINE,Small molecule,2.0,False,O=c1[nH]c(=O)n([C@H]2C[C@H](O)[C@@H](CO)O2)cc1/C=C/Br,ODZBBRURCPAEIQ-PIXDULNESA-N,333.14,-0.46,6.0,3.0,0.0,Brivudin; Brivudina; Brivudine; Bromovinyldeoxyuridine; Bvdu; NSC-633770; RP-101; RP101; Zostex,J05AB15
CHEMBL788,IDOXURIDINE,Small molecule,4.0,True,O=c1[nH]c(=O)n([C@H]2C[C@H](O)[C@@H](CO)O2)cc1I,XQFRJNBWHJMXHO-RRKCRQDMSA-N,354.10,-1.22,6.0,3.0,0.0,5-IUDR; 5IUDR; ALLERGAN-211; ALLERGAN211; Dendrid; Herplex; Idox; Idoxuridina; Idoxuridine; Idoxuridinum; Joddeoxiuridin; Kerecid; NSC-39661; Ophthalmadine; SK&F 14287; SK&F-14287; Stoxil,D06BB01; J05AB02; S01AD01
CHEMBL853,ZALCITABINE,Small molecule,4.0,True,Nc1ccn([C@H]2CC[C@@H](CO)O2)c(=O)n1,WREGKURFCTUGRC-POYBYMJQSA-N,211.22,-0.50,6.0,2.0,0.0,"Ddc (ddc); Dideoxycytidine; Hivid; NSC-606170; RO 24-2027/000; RO-24-2027/000; RO-24-2027000; RO-242027000; Ro-24-2027-000; Zalcitabina; Zalcitabine; Zalcitabine (dideoxycytidine,ddc)",J05AF03
CHEMBL47298,TILORONE,Small molecule,2.0,False,CCN(CC)CCOc1ccc2c(c1)C(=O)c1cc(OCCN(CC)CC)ccc1-2,MPMFCABZENCRHV-UHFFFAOYSA-N,410.56,4.34,5.0,0.0,0.0,Amixin ic; Tilorona; Tilorone,J05AX19
CHEMBL880,FAMCICLOVIR,Small molecule,4.0,True,CC(=O)OCC(CCn1cnc2cnc(N)nc21)COC(C)=O,GGXKWVWZWMLJEH-UHFFFAOYSA-N,321.34,0.54,9.0,1.0,0.0,BRL-42810; Famciclovir; Famvir; NSC-758921,J05AB09; S01AD07
CHEMBL885,EMTRICITABINE,Small molecule,4.0,True,Nc1nc(=O)n([C@@H]2CS[C@H](CO)O2)cc1F,XQSPYNMVSIKCOC-NTSWFWBYSA-N,247.25,-0.46,7.0,2.0,0.0,"(-)-FTC; (-)-emtricitabine; 524-W-91; 524W91; BW-524W91; Coviracil; Emtricitabina; Emtricitabine; Emtricitabine component of atripla; Emtricitabine component of biktarvy; Emtricitabine component of complera; Emtricitabine component of descovy; Emtricitabine component of eviplera; Emtricitabine component of genvoya; Emtricitabine component of odefsey; Emtricitabine component of stribild; Emtricitabine component of symtuza; Emtricitabine component of truvada; Emtricitabine, (-)-; Emtricitabinum; Emtriva; FTC-(-)",J05AF09
CHEMBL50300,FOSFONET,Small molecule,2.0,False,O=C(O)CP(=O)(O)O,XUYJLQHKOGNDPB-UHFFFAOYSA-N,140.03,-0.75,2.0,3.0,0.0,Fosfonet; NSC-18205,J05AD02
CHEMBL922,ADEFOVIR DIPIVOXIL,Small molecule,4.0,True,CC(C)(C)C(=O)OCOP(=O)(COCCn1cnc2c(N)ncnc21)OCOC(=O)C(C)(C)C,WOZSCQDILHKSGG-UHFFFAOYSA-N,501.48,2.70,13.0,1.0,2.0,Adefovir di(pivaloyloxymethyl) ester; Adefovir dipivoxil; Adefovir pivoxil; GS-0840; Hepsera,J05AF08
CHEMBL163,RITONAVIR,Small molecule,4.0,True,CC(C)c1nc(CN(C)C(=O)N[C@H](C(=O)N[C@@H](Cc2ccccc2)C[C@H](O)[C@H](Cc2ccccc2)NC(=O)OCc2cncs2)C(C)C)cs1,NCDNCNXCDXHOMX-XGKFQTDJSA-N,720.96,5.91,9.0,4.0,2.0,A-84538; ABBOTT-84538; ABT-538; Empetus; NSC-693184; Norvir; Ritomune; Ritonavir; Ritonavir component of kaletra; Ritonavir component of paxlovid; Ritonavir component of technivie; Ritonavir component of viekirax; Ritonavir component of xiannuoxin; Ritonavir mylan; Ritonavir related compounds mixture; Ritonavirum; Ritovir; Viekirax; Viriton,J05AE03
CHEMBL959,RIMANTADINE,Small molecule,4.0,True,CC(N)C12CC3CC(CC(C3)C1)C2,UBCHPRBFMUDMNC-UHFFFAOYSA-N,179.31,2.55,1.0,1.0,0.0,Rimantadina; Rimantadine,J05AC02
CHEMBL991,STAVUDINE,Small molecule,4.0,True,Cc1cn([C@H]2C=C[C@@H](CO)O2)c(=O)[nH]c1=O,XNKLLVCARDGLGL-JGVFFNPUSA-N,224.22,-0.71,5.0,2.0,0.0,BMY-27857; D-4T; D4T; Estavudina; NSC-163661; NSC-759897; Sanilvudine; Stavudine; Stavudine (d4t); Stavudine (dt4); Stavudinum; Zerit; Zerit xr,J05AF04
CHEMBL308954,ETRAVIRINE,Small molecule,4.0,True,Cc1cc(C#N)cc(C)c1Oc1nc(Nc2ccc(C#N)cc2)nc(N)c1Br,PYGWGZALEOIKDF-UHFFFAOYSA-N,435.29,4.72,7.0,2.0,0.0,Etravirina; Etravirine; Intelence; R-165335; R165335; TMC 125; TMC-125; TMC125,J05AG04
CHEMBL1090,VIDARABINE,Small molecule,4.0,True,Nc1ncnc2c1ncn2[C@@H]1O[C@H](CO)[C@@H](O)[C@@H]1O,OIRDTQYFTABQOQ-UHTZMRCNSA-N,267.25,-1.98,9.0,4.0,0.0,"ARA-A; Arabinosyladenine; Arasena-a; CI 673; CI-673; NSC-247519; NSC-404241; NSC-757383; Vidarabina; Vidarabine; Vidarabine anhydrous; Vidarabine monohydrate; Vidarabine, anhydrous; Vira-a",J05AB03; S01AD06
CHEMBL1163,ATAZANAVIR,Small molecule,4.0,True,COC(=O)N[C@H](C(=O)N[C@@H](Cc1ccccc1)[C@@H](O)CN(Cc1ccc(-c2ccccn2)cc1)NC(=O)[C@@H](NC(=O)OC)C(C)(C)C)C(C)(C)C,AXRYRYVKAWYZBR-GASGPIRDSA-N,704.87,4.21,9.0,5.0,1.0,Atazanavir; BMS-232632; CGP-73547; Reyataz,J05AE08
CHEMBL1229,OSELTAMIVIR,Small molecule,4.0,True,CCOC(=O)C1=C[C@@H](OC(CC)CC)[C@H](NC(C)=O)[C@@H](N)C1,VSZGPKBBMSAYNT-RRFJBIMHSA-N,312.41,1.29,5.0,2.0,0.0,GS 4104; GS-4071 ETHYL ESTER; GS-4104; GS4104; Oseltamivir; RO 640796; RO-64-0796; RO-640796; RO64-0796,J05AH02
CHEMBL139367,PERAMIVIR ANHYDROUS,Small molecule,4.0,True,CCC(CC)[C@H](NC(C)=O)[C@@H]1[C@H](O)[C@@H](C(=O)O)C[C@H]1NC(=N)N,XRQDFNLINLXZLB-CKIKVBCHSA-N,328.41,-0.14,4.0,6.0,1.0,Peramivir anhydrous; RWJ-270201; RWJ-270201-162 ANHYDROUS,J05AH03
CHEMBL1323,DARUNAVIR,Small molecule,4.0,True,CC(C)CN(C[C@@H](O)[C@H](Cc1ccccc1)NC(=O)O[C@H]1CO[C@H]2OCC[C@H]21)S(=O)(=O)c1ccc(N)cc1,CJBJHOAVZSMMDJ-HEXNFIEUSA-N,547.67,2.38,8.0,3.0,1.0,(-)-darunavir; Darunavir; Darunavir component of prezcobix; Darunavir component of symtuza; Darunavir krka; Darunavir krka d.d.; Darunavir viatris (previously darunavir mylan); Prezista; TMC 114; TMC-114; TMC-41629; TMC114; UIC-94017; UIC-940T,J05AE10
CHEMBL175691,RILPIVIRINE,Small molecule,4.0,True,Cc1cc(/C=C/C#N)cc(C)c1Nc1ccnc(Nc2ccc(C#N)cc2)n1,YIBOMRUWOWDFLG-ONEGZZNKSA-N,366.43,4.99,6.0,2.0,0.0,Edurant; R 278474; R-278474; R278474; Rekambys; Rilpivirina; Rilpivirine; Rilpivirine component of cabenuva; TMC-278; TMC278,J05AG05
CHEMBL1349,VALACYCLOVIR,Small molecule,4.0,True,CC(C)[C@H](N)C(=O)OCCOCn1cnc2c(=O)nc(N)[nH]c21,HDOVUKNUBWVHOX-QMMMGPOBSA-N,324.34,-0.80,9.0,3.0,0.0,Valaciclovir; Valacv; Valacyclovir,J05AB11
CHEMBL1380,ABACAVIR,Small molecule,4.0,True,Nc1nc(NC2CC2)c2ncn([C@H]3C=C[C@@H](CO)C3)c2n1,MCGSCOLBFJQGHM-SCZZXKLOSA-N,286.34,1.09,7.0,3.0,0.0,Abacavir; Avacavir; Epzicom; NSC-742406; Ziagen,J05AF06
CHEMBL204656,ELVITEGRAVIR,Small molecule,4.0,True,COc1cc2c(cc1Cc1cccc(Cl)c1F)c(=O)c(C(=O)O)cn2[C@H](CO)C(C)C,JUZYLCPPVHEVSV-LJQANCHMSA-N,447.89,4.28,5.0,2.0,0.0,Elvitegravir; Elvitegravir component of genvoya; Elvitegravir component of stribild; Elvitegravir component of vitekta; GS-9137; JTK-303; Vitekta,J05AJ02
CHEMBL203321,BRINCIDOFOVIR,Small molecule,4.0,True,CCCCCCCCCCCCCCCCOCCCOP(=O)(O)CO[C@H](CO)Cn1ccc(N)nc1=O,WXJFKKQWPMNTIM-VWLOTQADSA-N,561.70,5.25,9.0,3.0,2.0,Brincidofovir; CMX 001; CMX-001; CMX001; Hdp-cidofovir; Hexadecyloxypropyl cidofovir; Hexadecyloxypropyl-cidofovir; Tembexa,J05AB17
CHEMBL218394,BOCEPREVIR,Small molecule,4.0,True,CC(C)(C)NC(=O)N[C@H](C(=O)N1C[C@H]2[C@@H]([C@H]1C(=O)NC(CC1CCC1)C(=O)C(N)=O)C2(C)C)C(C)(C)C,LHHCSNFAOIFYRV-DOVBMPENSA-N,519.69,1.71,5.0,4.0,1.0,Boceprevir; EBP 520; EBP-520; SCH 503034; SCH-503034; Sch 50304; Victrelis,J05AP03
CHEMBL182,GANCICLOVIR,Small molecule,4.0,True,Nc1nc2c(ncn2COC(CO)CO)c(=O)[nH]1,IRSCQMHQWWYFCW-UHFFFAOYSA-N,255.23,-1.97,8.0,4.0,0.0,BW 759U; BW-759U; Cymevene; Cytovene; Ganciclovir; Gancyclovir; Ganzyk-rtu; NSC-759656; RS-21592; Valganciclovir hydrochloride impurity a; Virgan; Vitrasert; Vitrasert implant; Zirgan,J05AB06; S01AD09
CHEMBL184,ACYCLOVIR,Small molecule,4.0,True,Nc1nc2c(ncn2COCCO)c(=O)[nH]1,MKUXAQIIEYXACX-UHFFFAOYSA-N,225.21,-1.33,7.0,3.0,0.0,Aciclovir; Aciclovirum; Acycloguanosine; Acyclovir; Acyclovir component of xerese; Avaclyr; Avert; Clearsore; Cymex ultra; Duvimex; Gerpevir; Herpetad; Lipsore; Lypsyl; NSC-645011; NSC-758477; Novirus; Ranovir; Sitavig; Soothelip; Soraway; Viralief; Virasorb; Virovir 200; Virovir 400; Virovir 800; Zovirax,D06BB03; D06BB53; J05AB01; S01AD03
CHEMBL374731,TELBIVUDINE,Small molecule,4.0,True,Cc1cn([C@@H]2C[C@@H](O)[C@H](CO)O2)c(=O)[nH]c1=O,IQFYYKKMVGJFEH-CSMHCCOUSA-N,242.23,-1.51,6.0,3.0,0.0,2'-deoxy-l-thymidine; LDT-600; LDT600; NV-02B; Sebivo; Telbivudina; Telbivudine; Tyzeka,J05AF11
CHEMBL222559,TIPRANAVIR,Small molecule,4.0,True,CCC[C@@]1(CCc2ccccc2)CC(O)=C([C@H](CC)c2cccc(NS(=O)(=O)c3ccc(C(F)(F)F)cn3)c2)C(=O)O1,SUJUHGSWHZTSEU-FYBSXPHGSA-N,602.68,7.33,6.0,2.0,2.0,Aptivus; Tipranavir; U-140690,J05AE09
CHEMBL221722,FAVIPIRAVIR,Small molecule,4.0,False,NC(=O)c1nc(F)cnc1O,ZCGNOVWYSGBHAU-UHFFFAOYSA-N,157.10,-0.58,4.0,2.0,0.0,Avigan; Favipiravir; T-705,J05AX27
CHEMBL222813,ZANAMIVIR,Small molecule,4.0,True,CC(=O)N[C@H]1[C@H]([C@H](O)[C@H](O)CO)OC(C(=O)O)=C[C@@H]1NC(=N)N,ARAIBEBZBOPLMB-UFGQHTETSA-N,332.31,-3.58,7.0,8.0,1.0,GG-167; GG167; GR 121167X; GR-121167; GR-121167X; Relenza; Zanamivir,J05AH01
CHEMBL223228,EFAVIRENZ,Small molecule,4.0,True,O=C1Nc2ccc(Cl)cc2[C@@](C#CC2CC2)(C(F)(F)F)O1,XPOQHMRABVBWPR-ZDUSSCGKSA-N,315.68,4.07,2.0,1.0,0.0,(-)-efavirenz; DMP-266; Efavirenz; Efavirenz component of atripla; Efavirenz component of symfi; Efavirenz component of telura; Efavirenz teva; Efavirenzum; L-743726; NSC-742403; Stocrin; Sustiva; Sustiva 600; Viraday,J05AG03
CHEMBL1460,DIDANOSINE,Small molecule,4.0,True,O=c1[nH]cnc2c1ncn2[C@H]1CC[C@@H](CO)O1,BXZVVICBKDXVGW-NKWVEPMBSA-N,236.23,-0.21,6.0,2.0,0.0,(-)-didanosine; BMY-40900; Ddi; Didanosina; Didanosine; Didanosine system suitability mixture; Didanosinum; Dideoxyinosine (ddi); NSC-612049; Videx; Videx ec,J05AF02
CHEMBL231813,TELAPREVIR,Small molecule,4.0,True,CCC[C@H](NC(=O)[C@@H]1[C@H]2CCC[C@H]2CN1C(=O)[C@@H](NC(=O)[C@@H](NC(=O)c1cnccn1)C1CCCCC1)C(C)(C)C)C(=O)C(=O)NC1CC1,BBAWEDCPNXPBQM-GDEBMMAJSA-N,679.86,2.45,8.0,4.0,1.0,Incivek; Incivo; LY 570310; LY-570310; MP 424; MP-424; Telaprevir; VRT 111950; VRT-111950; VX 950; VX-950,J05AP02
CHEMBL254316,RALTEGRAVIR,Small molecule,4.0,True,Cc1nnc(C(=O)NC(C)(C)c2nc(C(=O)NCc3ccc(F)cc3)c(O)c(=O)n2C)o1,CZFFBEXEKNGXKS-UHFFFAOYSA-N,444.42,0.91,9.0,3.0,0.0,L-000900612; L000900612; Raltegravir,J05AJ01
CHEMBL1538,TENOFOVIR DISOPROXIL,Small molecule,4.0,True,CC(C)OC(=O)OCOP(=O)(CO[C@H](C)Cn1cnc2c(N)ncnc21)OCOC(=O)OC(C)C,JFVZFKDSXNQEJW-CQSZACIVSA-N,519.45,3.04,15.0,1.0,2.0,(r)-bis(poc)pmpa; Bis-poc-pmpa; GS-4331; Tenofovir bis(isopropyloxycarbonyloxymethyl) ester; Tenofovir disoproxil; Tenofovir disoproxil component of stribild; Viread,J05AF07
CHEMBL1540,PENCICLOVIR,Small molecule,4.0,True,Nc1nc(O)c2ncn(CCC(CO)CO)c2n1,JNTOCHDNEULJHD-UHFFFAOYSA-N,253.26,-0.90,8.0,4.0,0.0,BRL-39123; Denavir; Fenistil; NSC-759624; Penciclovir; Vectavir,D06BB06; J05AB13
CHEMBL256907,MARAVIROC,Small molecule,4.0,True,Cc1nnc(C(C)C)n1[C@H]1C[C@H]2CC[C@@H](C1)N2CC[C@H](NC(=O)C1CCC(F)(F)CC1)c1ccccc1,GSNHKUDZZFZSJB-QUMGSSFMSA-N,513.68,5.95,5.0,1.0,2.0,"Celsentri; Maraviroc; Rel-maraviroc; Selzentry; UK-427857; Uk-427,857",J05AX09
CHEMBL501849,SIMEPREVIR,Small molecule,4.0,True,COc1ccc2c(O[C@@H]3C[C@H]4C(=O)N[C@]5(C(=O)NS(=O)(=O)C6CC6)C[C@H]5/C=C\CCCCN(C)C(=O)[C@@H]4C3)cc(-c3nc(C(C)C)cs3)nc2c1C,JTZZSQYMACOLNN-VDWJNHBNSA-N,749.96,5.25,10.0,2.0,2.0,Simeprevir; TMC 435; TMC 435350; TMC-435; TMC-435350; TMC435350; Tmc435,J05AP05
CHEMBL466246,LANINAMIVIR,Small molecule,2.0,False,CO[C@@H]([C@@H]1OC(C(=O)O)=C[C@H](NC(=N)N)[C@H]1NC(C)=O)[C@H](O)CO,QNRRHYPPQFELSF-CNYIRLTGSA-N,346.34,-2.92,7.0,7.0,1.0,Laninamivir; R-125489,J05AH04
CHEMBL1643,RIBAVIRIN,Small molecule,4.0,True,NC(=O)c1ncn([C@@H]2O[C@H](CO)[C@@H](O)[C@H]2O)n1,IWUCXVSUMQZMFG-AFCXAGJDSA-N,244.21,-3.01,8.0,4.0,0.0,Copegus; Cotronak; NSC-163039; Rebetol; Ribapak; Ribasphere; Ribavarin; Ribavirin; Ribavirin biopartners; Ribavirin mylan; Ribavirin mylan (previously ribavirin three rivers); Ribavirin teva; Ribavirin teva pharma b.v.; Ribavirina; Ribavirine; Ribofluranosyl carboxamide; SCH 18908; SCH-18908; Tribavirin; Viramid; Virazid; Virazole,J05AP01
CHEMBL458875,CLEVUDINE,Small molecule,3.0,False,Cc1cn([C@H]2O[C@@H](CO)[C@H](O)[C@H]2F)c(=O)[nH]c1=O,GBBJCSTXCAQSSJ-XQXXSGGOSA-N,260.22,-1.57,6.0,3.0,0.0,Clevudina; Clevudine; L-FMAU; Levovir,J05AF12
CHEMBL1664,FOSAMPRENAVIR,Small molecule,4.0,True,CC(C)CN(C[C@@H](OP(=O)(O)O)[C@H](Cc1ccccc1)NC(=O)O[C@H]1CCOC1)S(=O)(=O)c1ccc(N)cc1,MLBVMOWEQCZNCC-OEMFJLHTSA-N,585.62,2.52,8.0,4.0,1.0,Fosamprenavir; GW-433908; GW433908; GW433908A,J05AE07
CHEMBL525076,ENFUVIRTIDE,Protein,4.0,True,CC[C@H](C)[C@H](NC(=O)[C@H](CC(C)C)NC(=O)[C@H](CO)NC(=O)[C@H](Cc1cnc[nH]1)NC(=O)[C@@H](NC(=O)[C@H](CC(C)C)NC(=O)[C@H](CO)NC(=O)[C@@H](NC(=O)[C@H](Cc1ccc(O)cc1)NC(C)=O)[C@@H](C)O)[C@@H](C)CC)C(=O)N[C@@H](CCC(=O)O)C(=O)N[C@@H](CCC(=O)O)C(=O)N[C@@H](CO)C(=O)N[C@@H](CCC(N)=O)C(=O)N[C@@H](CC(N)=O)C(=O)N[C@@H](CCC(N)=O)C(=O)N[C@@H](CCC(N)=O)C(=O)N[C@@H](CCC(=O)O)C(=O)N[C@@H](CCCCN)C(=O)N[C@@H](CC(N)=O)C(=O)N[C@@H](CCC(=O)O)C(=O)N[C@@H](CCC(N)=O)C(=O)N[C@@H](CCC(=O)O)C(=O)N[C@@H](CC(C)C)C(=O)N[C@@H](CC(C)C)C(=O)N[C@@H](CCC(=O)O)C(=O)N[C@@H](CC(C)C)C(=O)N[C@@H](CC(=O)O)C(=O)N[C@@H](CCCCN)C(=O)N[C@@H](Cc1c[nH]c2ccccc12)C(=O)N[C@@H](C)C(=O)N[C@@H](CO)C(=O)N[C@@H](CC(C)C)C(=O)N[C@@H](Cc1c[nH]c2ccccc12)C(=O)N[C@@H](CC(N)=O)C(=O)N[C@@H](Cc1c[nH]c2ccccc12)C(=O)N[C@@H](Cc1ccccc1)C(N)=O,PEASPLKKXBYDKL-FXEVSJAOSA-N,4491.94,,,,,DP-178; DP178; Enfuvirtida; Enfuvirtide; Fuzeon; Fuzeon t-20; Pentafuside (trivial name); T-20; T20,J05AX07
CHEMBL515408,MARIBAVIR,Small molecule,4.0,True,CC(C)Nc1nc2cc(Cl)c(Cl)cc2n1[C@H]1O[C@@H](CO)[C@H](O)[C@@H]1O,KJFBVJALEQWJBS-XUXIUFHCSA-N,376.24,1.77,7.0,4.0,0.0,1263-W-94; 1263W94; BW-1263W94; GW-257406X; Livtencity; Maribavir,J05AX10
CHEMBL1201314,VALGANCICLOVIR,Small molecule,4.0,True,CC(C)[C@H](N)C(=O)OCC(CO)OCn1cnc2c(=O)[nH]c(N)nc21,WPVFJKSGQUFQAP-GKAPJAKFSA-N,354.37,-1.44,10.0,4.0,0.0,Valganciclovir,J05AB14
CHEMBL1214598,UMIFENOVIR,Small molecule,3.0,False,CCOC(=O)c1c(CSc2ccccc2)n(C)c2cc(Br)c(O)c(CN(C)C)c12,KCFYEAOKVJSACF-UHFFFAOYSA-N,477.42,5.18,6.0,1.0,1.0,Arbidol; Umifenovir,J05AX13
CHEMBL1229211,DOLUTEGRAVIR,Small molecule,4.0,True,C[C@@H]1CCO[C@H]2Cn3cc(C(=O)NCc4ccc(F)cc4F)c(=O)c(O)c3C(=O)N12,RHWKPHLQXYSBKR-BMIGLBTASA-N,419.38,1.35,6.0,2.0,0.0,Dolutegravir; GSK 1349572; GSK-1349572; GSK1349572; GSK1349572A; S-349572,J05AJ03
CHEMBL1241348,FALDAPREVIR,Small molecule,3.0,False,C=C[C@@H]1C[C@]1(NC(=O)[C@@H]1C[C@@H](Oc2cc(-c3csc(NC(=O)C(C)C)n3)nc3c(Br)c(OC)ccc23)CN1C(=O)[C@@H](NC(=O)OC1CCCC1)C(C)(C)C)C(=O)O,LLGDPTDZOVKFDU-XUHJSTDZSA-N,869.84,6.30,11.0,4.0,3.0,BI 201335; BI-201335; BI201335; Faldaprevir,J05AP04
CHEMBL1241951,LETERMOVIR,Small molecule,4.0,True,COc1cccc(N2CCN(C3=Nc4c(F)cccc4[C@H](CC(=O)O)N3c3cc(C(F)(F)F)ccc3OC)CC2)c1,FWYSMLBETOMXAG-QHCPKHFHSA-N,572.56,5.71,7.0,1.0,2.0,AIC 246; AIC-246; AIC246; Letermovir; MK-8228; Prevymis,J05AX18
CHEMBL1255891,NARLAPREVIR,Small molecule,3.0,False,CCCC[C@H](NC(=O)[C@@H]1[C@@H]2[C@H](CN1C(=O)[C@@H](NC(=O)NC1(CS(=O)(=O)C(C)(C)C)CCCCC1)C(C)(C)C)C2(C)C)C(=O)C(=O)NC1CC1,RICZEKWVNZFTNZ-LFGITCQGSA-N,707.98,3.62,7.0,4.0,1.0,Narlaprevir; SCH 900518; SCH-900518,J05AP14
CHEMBL1257073,TECOVIRIMAT,Small molecule,4.0,True,O=C(NN1C(=O)[C@@H]2[C@@H]3C=C[C@@H]([C@H]4C[C@@H]34)[C@@H]2C1=O)c1ccc(C(F)(F)F)cc1,CSKDFZIMJXRJGH-VWLPUNTISA-N,376.33,2.40,3.0,1.0,0.0,SIGA-246; ST 246; ST-246; Tecovirimat; Tpoxx,J05AX24
CHEMBL1259059,SOFOSBUVIR,Small molecule,4.0,True,CC(C)OC(=O)[C@H](C)N[P@](=O)(OC[C@H]1O[C@@H](n2ccc(=O)[nH]c2=O)[C@](C)(F)[C@@H]1O)Oc1ccccc1,TTZHDVOVKQGIBA-IQWMDFIBSA-N,529.46,1.66,10.0,3.0,1.0,"GS-7977; GS7977; PSI-7977; Psi-7977, gs-7977; Sofosbuvir; Sofosbuvir component of epclusa; Sofosbuvir component of harvoni; Sofosbuvir component of vosevi; Sovaldi",J05AP08
CHEMBL1490434,MOROXYDINE,Small molecule,2.0,False,N=C(N)NC(=N)N1CCOCC1,KJHOZAZQWVKILO-UHFFFAOYSA-N,171.20,-1.26,3.0,4.0,0.0,Moroxidina; Moroxydine; SKF 8898-A; SKF-8898-A; SKF-8898A,J05AX01
CHEMBL1512080,METHISAZONE,Small molecule,2.0,False,CN1C(=O)/C(=N\NC(N)=S)c2ccccc21,DLGSOJOOYHWROO-WQLSENKSSA-N,234.28,0.20,3.0,2.0,0.0,BW 33-T-57; BW-33-T-57; Methisazone; Metisazona; Metisazone; NSC-69811; NSC-70969,J05AA01
CHEMBL1716983,ENISAMIUM IODIDE,Small molecule,3.0,False,C[n+]1ccc(C(=O)NCc2ccccc2)cc1.[I-],ILSOAHPXYZRFBA-UHFFFAOYSA-N,354.19,1.44,1.0,1.0,0.0,Carbabenzpyride; Enisamium iodide,J05AX17
CHEMBL1743029,IBALIZUMAB,Antibody,4.0,True,,,,,,,,HU5A8; Ibalizumab; Ibalizumab-uiyk; TNX-355; Trogarzo,J05AX23
CHEMBL2023898,DACLATASVIR,Small molecule,4.0,True,COC(=O)N[C@H](C(=O)N1CCC[C@H]1c1ncc(-c2ccc(-c3ccc(-c4cnc([C@@H]5CCCN5C(=O)[C@@H](NC(=O)OC)C(C)C)[nH]4)cc3)cc2)[nH]1)C(C)C,FKRSSPOQAMALKA-CUPIEXAXSA-N,738.89,6.22,8.0,4.0,2.0,BMS 790052; BMS-790052; Daclatasvir; EBP 883; EBP-883,J05AP07
CHEMBL2105735,ASUNAPREVIR,Small molecule,4.0,False,C=C[C@@H]1C[C@]1(NC(=O)[C@@H]1C[C@@H](Oc2ncc(OC)c3ccc(Cl)cc23)CN1C(=O)[C@@H](NC(=O)OC(C)(C)C)C(C)(C)C)C(=O)NS(=O)(=O)C1CC1,XRWSZZJLZRKHHD-WVWIJVSJSA-N,748.30,3.85,10.0,3.0,1.0,Asunaprevir; BMS 650032; BMS-650032; BMS650032; Sunvepra,J05AP06
CHEMBL2107825,TENOFOVIR ALAFENAMIDE,Small molecule,4.0,True,CC(C)OC(=O)[C@H](C)N[P@](=O)(CO[C@H](C)Cn1cnc2c(N)ncnc21)Oc1ccccc1,LDEKQSIMHVQZJK-CAQYMETFSA-N,476.47,2.97,10.0,2.0,0.0,GS-7340; GS-734003; Gs-7340; Tenofovir alafenamida; Tenofovir alafenamide; Vemlidy,J05AF13
CHEMBL2364608,DORAVIRINE,Small molecule,4.0,True,Cn1c(Cn2ccc(C(F)(F)F)c(Oc3cc(Cl)cc(C#N)c3)c2=O)n[nH]c1=O,ZIAOVIPSKUPPQW-UHFFFAOYSA-N,425.75,2.65,7.0,1.0,0.0,Doravirina; Doravirine; Doravirine component of delstrigo; MK-1439; Mk-1439a; Pifeltro,J05AG06
CHEMBL2403238,CABOTEGRAVIR,Small molecule,4.0,True,C[C@H]1CO[C@@H]2Cn3cc(C(=O)NCc4ccc(F)cc4F)c(=O)c(O)c3C(=O)N12,WCWSTNLSLKSJPK-LKFCYVNXSA-N,405.36,0.96,6.0,2.0,0.0,Apretude; Cabotegravir; Cabotegravir component of cabenuva; GSK-1265744A; GSK1265744; GSK1265744A; GSK744; Gsk-1265744; Gsk744; S-265744,J05AJ04
CHEMBL3039514,ELBASVIR,Small molecule,4.0,True,COC(=O)N[C@H](C(=O)N1CCC[C@H]1c1nc(-c2ccc3c(c2)O[C@@H](c2ccccc2)n2c-3cc3cc(-c4c[nH]c([C@@H]5CCCN5C(=O)[C@@H](NC(=O)OC)C(C)C)n4)ccc32)c[nH]1)C(C)C,BVAZQCUMNICBAQ-PZHYSIFUSA-N,882.03,8.12,10.0,4.0,2.0,Elbasvir; Elbasvir component of zepatier; MK-8742,J05AP10
CHEMBL3039533,GRAZOPREVIR,Small molecule,3.0,False,C=C[C@@H]1C[C@]1(NC(=O)[C@@H]1C[C@@H]2CN1C(=O)[C@H](C(C)(C)C)NC(=O)O[C@@H]1C[C@H]1CCCCCc1nc3ccc(OC)cc3nc1O2)C(=O)NS(=O)(=O)C1CC1.O,RXSARIJMSJWJLZ-CIAYNJNFSA-N,784.93,3.30,11.0,3.0,2.0,Grazoprevir; Grazoprevir hydrate; Grazoprevir monohydrate; Mk-5172 monohydrate,J05AP11
CHEMBL3121849,RAVIDASVIR,Small molecule,2.0,False,COC(=O)N[C@H](C(=O)N1CCC[C@H]1c1nc(-c2ccc3cc(-c4ccc5[nH]c([C@@H]6CCCN6C(=O)[C@@H](NC(=O)OC)C(C)C)nc5c4)ccc3c2)c[nH]1)C(C)C,LCHMHYPWGWYXEL-ZYADHFCISA-N,762.91,6.86,8.0,4.0,2.0,BI 238630; BI-238630; C5; PPI-668 free base; Ravidasvir,J05AP13
CHEMBL3137312,DASABUVIR,Small molecule,4.0,True,COc1c(-c2ccc3cc(NS(C)(=O)=O)ccc3c2)cc(-n2ccc(=O)[nH]c2=O)cc1C(C)(C)C,NBRBXGKOEOGLOI-UHFFFAOYSA-N,493.59,4.02,6.0,2.0,0.0,ABT-333; Dasabuvir,J05AP09
CHEMBL3301594,FOSTEMSAVIR,Small molecule,4.0,True,COc1cnc(-n2cnc(C)n2)c2c1c(C(=O)C(=O)N1CCN(C(=O)c3ccccc3)CC1)cn2COP(=O)(O)O,SWMDAPWAQQTBOG-UHFFFAOYSA-N,583.50,1.17,11.0,2.0,2.0,BMS-663068; Bms-663068 free acid; Fostemsavir,J05AX29
CHEMBL3833327,INOSINE PRANOBEX,Small molecule,3.0,False,CC(=O)Nc1ccc(C(=O)O)cc1.CC(=O)Nc1ccc(C(=O)O)cc1.CC(=O)Nc1ccc(C(=O)O)cc1.CC(O)CN(C)C.CC(O)CN(C)C.CC(O)CN(C)C.O=c1[nH]cnc2c1ncn2[C@@H]1O[C@H](CO)[C@@H](O)[C@H]1O,YLDCUKJMEKGGFI-QCSRICIXSA-N,1115.25,-2.27,8.0,4.0,0.0,Aviral; Delimmun; Imunovir; Imunoviral; Inosine acedobene dimepranol; Inosine pranobex; Inosiplex; Isoprinosin; Isoprinosina; Isoprinosine; Isoviral; Methisoprinol; Modimmunal; NP-113; NPT-10381; Pranosina; Pranosine; Viruxan,J05AX05
CHEMBL3989506,TROMANTADINE,Small molecule,2.0,False,CN(C)CCOCC(=O)NC12CC3CC(CC(C3)C1)C2,UXQDWARBDDDTKG-UHFFFAOYSA-N,280.41,1.65,3.0,1.0,0.0,Tromantadina; Tromantadine,D06BB02; J05AC03
CHEMBL4065616,REMDESIVIR,Small molecule,4.0,True,CCC(CC)COC(=O)[C@H](C)N[P@](=O)(OC[C@H]1O[C@@](C#N)(c2ccc3c(N)ncnn23)[C@H](O)[C@@H]1O)Oc1ccccc1,RWWYLEGWBNMMLJ-YSOARWBDSA-N,602.59,2.31,13.0,4.0,2.0,GS 5734; GS-5734; Gs-5734; Remdesivir; Veklury,J05AB16
CHEMBL4297257,ALBUVIRTIDE,Protein,3.0,False,CC[C@H](C)[C@H](NC(=O)[C@H](CC(C)C)NC(=O)[C@H](CCC(=O)O)NC(=O)[C@H](Cc1c[nH]cn1)NC(=O)[C@@H](NC(=O)[C@H](CC(C)C)NC(=O)[C@H](CCCCNC(=O)COCCOCCNC(=O)CCN1C(=O)C=CC1=O)NC(=O)[C@@H](NC(=O)[C@H](Cc1ccc(O)cc1)NC(=O)[C@H](CC(N)=O)NC(=O)[C@H](CC(N)=O)NC(=O)[C@@H](NC(=O)[C@H](CCC(=O)O)NC(=O)[C@H](CCCNC(=N)N)NC(=O)[C@H](CC(=O)O)NC(=O)[C@H](Cc1c[nH]c2ccccc12)NC(=O)[C@H](CCC(=O)O)NC(=O)[C@H](CCC(=O)O)NC(=O)[C@H](Cc1c[nH]c2ccccc12)NC(C)=O)[C@@H](C)CC)[C@@H](C)O)[C@@H](C)CC)C(=O)N[C@@H](CCC(=O)O)C(=O)N[C@@H](CCC(=O)O)C(=O)N[C@@H](CO)C(=O)N[C@@H](CCC(N)=O)C(=O)N[C@@H](CC(N)=O)C(=O)N[C@@H](CCC(N)=O)C(=O)N[C@@H](CCC(N)=O)C(=O)N[C@@H](CCC(=O)O)C(=O)N[C@@H](CCCCN)C(=O)N[C@@H](CC(N)=O)C(=O)N[C@@H](CCC(=O)O)C(=O)N[C@@H](CCC(N)=O)C(=O)N[C@@H](CCC(=O)O)C(=O)N[C@@H](CC(C)C)C(=O)N[C@@H](CC(C)C)C(N)=O,DJIGFNCGXOAXOW-WTPNCWHFSA-N,4667.00,,,,,Albuvirtide; FB-006M; Labuvirtide,J05AX33
CHEMBL4297503,BALOXAVIR MARBOXIL,Small molecule,4.0,True,COC(=O)OCOc1c2n(ccc1=O)N([C@@H]1c3ccccc3SCc3c1ccc(F)c3F)[C@@H]1COCCN1C2=O,RZVPBGBYGMDSBG-GGAORHGYSA-N,571.56,3.39,10.0,0.0,1.0,Baloxavir marboxil; S-033188; Xofluza,J05AX25
CHEMBL4297592,AMENAMEVIR,Small molecule,4.0,False,Cc1cccc(C)c1N(CC(=O)Nc1ccc(-c2ncon2)cc1)C(=O)C1CCS(=O)(=O)CC1,MNHNIVNAFBSLLX-UHFFFAOYSA-N,482.56,3.15,7.0,1.0,0.0,ASP-2151; ASP2151; Amenamevir; Asp2151,J05AX26
CHEMBL4297711,BULEVIRTIDE,Protein,3.0,True,,,,,,,,915207G; Bulevirtida; Bulevirtide; Hepcludex; Hepcludextm; Myrcludex,J05AX28
CHEMBL4301163,ELSULFAVIRINE,Small molecule,2.0,False,CCC(=O)NS(=O)(=O)c1ccc(NC(=O)Cc2ccc(Br)c(Oc3cc(Cl)cc(C#N)c3)c2F)c(Cl)c1,ULTDEARCBRNRGR-UHFFFAOYSA-N,629.29,5.96,6.0,2.0,2.0,Elsulfavirina; Elsulfavirine; R-1206,J05AG07
CHEMBL4594438,LENACAPAVIR,Small molecule,4.0,True,CC(C)(C#Cc1ccc(-c2ccc(Cl)c3c(NS(C)(=O)=O)nn(CC(F)(F)F)c23)c([C@H](Cc2cc(F)cc(F)c2)NC(=O)Cn2nc(C(F)(F)F)c3c2C(F)(F)[C@@H]2C[C@H]32)n1)S(C)(=O)=O,BRYXUCLEHAUSDY-WEWMWRJBSA-N,968.30,7.66,10.0,2.0,2.0,GS-6207; GS-714207; GS-CA-2; GS-CA1; GS-CA2; GS-HIV; GS6207; Lenacapavir,J05AX31
CHEMBL4650320,MOLNUPIRAVIR,Small molecule,3.0,True,CC(C)C(=O)OC[C@H]1O[C@@H](n2cc/c(=N\O)[nH]c2=O)[C@H](O)[C@@H]1O,HTNPEHXGEKVIHG-QCNRFFRDSA-N,329.31,-1.72,9.0,4.0,0.0,EIDD-1931 ISOPROPYL ESTER; EIDD-2801; Eidd 1931-isopropyl ester; Eidd-2801; MK-4482; Molnupiravir,J05AB18
CHEMBL5183847,ENSITRELVIR,Small molecule,3.0,False,Cn1cnc(Cn2c(=O)[nH]/c(=N\c3cc4cn(C)nc4cc3Cl)n(Cc3cc(F)c(F)cc3F)c2=O)n1,QMPBBNUOBOFBFS-UHFFFAOYSA-N,531.89,1.75,10.0,1.0,1.0,Ensitrelvir; S-217622,J05AE16
CHEMBL5314362,ENTECAVIR,Small molecule,4.0,True,C=C1[C@H](CO)[C@@H](O)C[C@@H]1n1cnc2c(=O)[nH]c(N)nc21.O,YXPVEXCTPGULBZ-WQYNNSOESA-N,295.30,-0.83,7.0,4.0,0.0,BMS-200475-01; Baraclude; Entecavir; Entecavir accord; Entecavir hydrate; Entecavir monohydrate; Entecavir mylan; Entecavir viatris (previously entecavir mylan); SQ-34676; SQ34676,J05AF10
CHEMBL5314375,CIDOFOVIR,Small molecule,4.0,True,Nc1ccn(C[C@@H](CO)OCP(=O)(O)O)c(=O)n1.O.O,FPKARFMSZDBYQF-ILKKLZGPSA-N,315.22,-1.66,7.0,4.0,0.0,Cidofovir; Cidofovir dihydrate; GS-0504; Hpmpc dihydrate; NSC-742135; Vistide,J05AB12
CHEMBL5483011,INDINAVIR,Small molecule,3.0,True,CC(C)(C)NC(=O)[C@@H]1CN(Cc2cccnc2)CCN1C[C@@H](O)C[C@@H](Cc1ccccc1)C(=O)N[C@H]1c2ccccc2C[C@H]1O.O,XTYSXGHMTNTKFH-BDEHJDMKSA-N,631.82,2.87,7.0,4.0,1.0,Indinavir; Indinavir monohydrate; Indinavir system suitability,J05AE02
CHEMBL6068007,COBLOPASVIR,Small molecule,2.0,False,COC(=O)N[C@H](C(=O)N1CCC[C@H]1c1ncc(-c2ccc(-c3ccc(-c4cnc([C@@H]5CCCN5C(=O)[C@@H](NC(=O)OC)C(C)C)[nH]4)c4c3OCO4)cc2)[nH]1)C(C)C,JBYJTCVXUMWTJJ-YRCZKMHPSA-N,782.90,5.95,10.0,4.0,2.0,Coblopasvir,J05AP12
